{"columns":["kq_times","per"],"index":[0,1,2,3,4,5,6,7,8,9,10,11,12,13,14,15,16,17,18,19,20,21,22,23,24,25,26,27,28],"data":[[1,0.4618320611],[2,0.4857142857],[3,0.5],[4,0.5630252101],[5,0.568627451],[6,0.6727272727],[7,0.3333333333],[8,0.6363636364],[9,0.75],[10,0.7727272727],[11,0.6923076923],[12,0.8],[13,0.5714285714],[14,0.3333333333],[15,0.8571428571],[16,0.6666666667],[17,0.75],[18,0.6666666667],[19,0.5],[20,1.0],[21,1.0],[22,0.0],[25,1.0],[26,0.0],[28,1.0],[29,0.3333333333],[40,1.0],[46,1.0],[53,1.0]]}