{"columns":["kq_times","per"],"index":[0,1,2,3,4,5,6,7,8,9,10,11,12,13,14,15,16,17,18,19,20,21,22,23,24,25,26,27,28],"data":[[1,0.5381679389],[2,0.5142857143],[3,0.5],[4,0.4369747899],[5,0.431372549],[6,0.3272727273],[7,0.6666666667],[8,0.3636363636],[9,0.25],[10,0.2272727273],[11,0.3076923077],[12,0.2],[13,0.4285714286],[14,0.6666666667],[15,0.1428571429],[16,0.3333333333],[17,0.25],[18,0.3333333333],[19,0.5],[20,0.0],[21,0.0],[22,1.0],[25,0.0],[26,1.0],[28,0.0],[29,0.6666666667],[40,0.0],[46,0.0],[53,0.0]]}