{
  "化学": [
    [
      88.46571,
      90.62501999999999,
      91.57441999999999,
      92.82786999999999,
      94.83898,
      91.09715,
      90.35979,
      88.05436,
      83.65616999999999,
      87.72081999999999,
      91.83757,
      92.52982,
      90.28666,
      86.24746999999999
    ],
    [
      54.30406,
      57.821490000000004,
      56.52196,
      60.207280000000004,
      57.753969999999995,
      62.09874,
      69.2112,
      67.73999,
      64.25971,
      67.08922,
      66.05797,
      64.88291,
      67.68397,
      70.23239000000001
    ],
    [
      75.30836416666668,
      75.35441295454544,
      74.89263954545456,
      76.22381886363635,
      76.16101863636366,
      76.34446159090909,
      77.37381666666667,
      76.36553500000001,
      74.06569916666666,
      75.38230916666667,
      77.41327,
      76.89614999999999,
      75.28547,
      77.28665416666666
    ]
  ],
  "历史": [
    [
      93.33936,
      92.45123000000001,
      92.09236999999999,
      92.60548,
      91.81416999999999,
      95.73185,
      90.64249000000001,
      92.36756,
      93.09158000000001,
      88.57164,
      90.01188,
      86.60133,
      88.90188,
      89.29214
    ],
    [
      57.790569999999995,
      60.91089,
      61.9678,
      63.1645,
      67.29241,
      59.15894,
      64.17251,
      62.36818,
      65.64623,
      65.53536,
      66.24741999999999,
      64.48383000000001,
      59.699940000000005,
      64.87535
    ],
    [
      79.354525,
      78.14728977272729,
      77.55673545454549,
      79.84214431818181,
      78.74265454545456,
      80.3865709090909,
      80.77640636363638,
      80.27690181818183,
      80.16277818181818,
      80.66769636363637,
      79.20985,
      80.11231454545455,
      78.62553909090909,
      79.91208181818182
    ]
  ],
  "地理": [
    [
      90.92322,
      94.06775999999999,
      93.3161,
      94.69637,
      96.89157,
      97.6918,
      98.3423,
      94.96696,
      92.42104,
      100.0,
      98.08028,
      94.51822,
      93.00585
    ],
    [
      57.23206999999999,
      61.0841,
      64.94278,
      62.991690000000006,
      62.51116999999999,
      62.77976999999999,
      62.57349,
      61.094969999999996,
      57.14988,
      61.55378,
      58.77502,
      58.91262,
      54.02644
    ],
    [
      79.08812307692305,
      80.50305409090905,
      80.10711613636362,
      79.95258068181818,
      79.98550818181819,
      79.50306703703703,
      80.21186370370371,
      79.82477961538461,
      80.47358473684211,
      80.73058407407406,
      80.68996333333332,
      80.2520014814815,
      78.80964370370371
    ]
  ],
  "总分": [
    [
      88.59645111111111,
      88.60867333333334,
      86.73014285714287,
      87.56338444444444,
      88.68024888888891,
      86.89458111111111,
      87.32489749999999,
      87.3995775,
      86.75013,
      90.48518600000001,
      90.29014333333333,
      91.12115833333333,
      90.22475,
      90.28815,
      86.49049500000001
    ],
    [
      63.69690166666667,
      65.09539999999998,
      66.51048142857142,
      67.36191666666667,
      67.89989,
      67.20332888888889,
      63.63688285714286,
      66.23104124999999,
      65.68860333333333,
      66.07757,
      64.39866,
      65.97992833333333,
      57.10843,
      63.615680000000005,
      61.74062249999999
    ],
    [
      78.73876069444445,
      78.75354361111111,
      78.42985470779223,
      78.8253621969697,
      78.4250013131313,
      78.9375734090909,
      78.2642094694264,
      79.0222297123016,
      78.03709280348127,
      78.64362007751937,
      78.05166658333336,
      78.85557670454544,
      77.61329146341463,
      78.47485136363638,
      77.78952736363635
    ]
  ],
  "技术": [
    [
      94.7134,
      94.83797,
      92.27906999999999,
      93.98841999999999,
      94.05025,
      90.12029,
      89.86259
    ],
    [
      61.040330000000004,
      58.97765,
      61.975269999999995,
      64.02589,
      71.384,
      64.13753,
      45.45991
    ],
    [
      80.67415886363636,
      79.98597886363636,
      80.0453136111111,
      76.81477300000002,
      80.19292799999998,
      79.17504699999998,
      78.00124666666666
    ]
  ],
  "政治": [
    [
      91.131,
      92.2635,
      90.21323000000001,
      90.95342,
      92.95499000000001,
      91.10221,
      92.04996,
      93.24216,
      92.42461,
      92.56384,
      94.09168000000001,
      93.46093,
      85.89275,
      89.08456
    ],
    [
      55.71442,
      57.7151,
      56.841530000000006,
      61.01186,
      59.59605,
      59.91986,
      54.2474,
      59.220490000000005,
      57.54223,
      62.29583,
      58.44985,
      65.57951,
      60.15331,
      65.29534
    ],
    [
      79.42866977272725,
      78.87956545454546,
      78.63302499999999,
      79.90854613636364,
      79.14333318181819,
      80.29901295454547,
      78.64722931818183,
      80.52951886363635,
      77.92828047619048,
      80.32309529411766,
      80.9158152631579,
      81.45934315789474,
      77.9315905882353,
      77.3648670588235
    ]
  ],
  "数学": [
    [
      95.3569,
      92.49508,
      94.79189000000001,
      99.59181,
      91.6336,
      95.75406,
      92.73994,
      92.0665,
      93.38171,
      94.29731,
      89.12886999999999
    ],
    [
      57.703619999999994,
      60.373709999999996,
      56.65654,
      54.26456999999999,
      53.509890000000006,
      57.96943,
      61.218430000000005,
      57.45665,
      58.30896,
      63.31384,
      55.33733
    ],
    [
      79.89450341463416,
      78.73264363636365,
      77.42612636363634,
      78.0116406818182,
      77.08565613636361,
      76.72543363636363,
      78.09855886363636,
      77.44645727272727,
      75.89114795454547,
      78.57923340909093,
      76.8145924390244
    ]
  ],
  "物理": [
    [
      90.18312,
      92.92271,
      95.75369,
      92.97891,
      92.05553,
      94.3639,
      89.75251,
      89.49696,
      87.98209,
      93.76732,
      85.67484,
      88.15385,
      87.78286999999999,
      85.96826999999999
    ],
    [
      61.617580000000004,
      61.588480000000004,
      64.06045,
      63.05916,
      61.06974,
      65.15695,
      65.95817,
      60.45445,
      62.83364,
      59.69899,
      57.85265,
      59.634280000000004,
      62.24131,
      60.18124
    ],
    [
      79.17759205128208,
      79.36105909090912,
      79.28727363636364,
      78.58801136363638,
      78.04600204545454,
      78.87938840909091,
      75.301655,
      74.717546,
      74.32274066666668,
      77.37889533333332,
      73.800728125,
      75.43068187499999,
      78.01128374999999,
      76.20603687500001
    ]
  ],
  "生物": [
    [
      94.2901,
      90.92709,
      90.97163,
      91.98293000000001,
      90.83825,
      92.25134,
      91.70014,
      94.40405,
      92.5631,
      94.51161,
      91.76868,
      92.49396999999999,
      91.67135999999999,
      88.36216999999999
    ],
    [
      54.738690000000005,
      58.166869999999996,
      59.96303,
      66.61426999999999,
      59.796369999999996,
      64.11612,
      62.18404,
      62.47858000000001,
      62.62839,
      57.55347,
      60.66446,
      62.04948,
      60.13995,
      57.751380000000005
    ],
    [
      79.64938666666667,
      79.06943022727275,
      78.66325022727274,
      78.9713618181818,
      78.26199477272728,
      79.23954659090911,
      78.15329340909092,
      78.46399409090908,
      77.03648477272728,
      77.11515333333331,
      76.79977769230769,
      77.08379703703703,
      77.00008846153845,
      75.97068423076922
    ]
  ],